YEAR,GHCN,NAME,STATE,LATITUDE,LONGITUDE,MaxT_Records,MinT_Records,MaxT_Obs,MinT_Obs,HeatRisk
2005,USC00020080,AJO,AZ,32.37,-112.86,100,73,85,63,1
2006,USC00020080,AJO,AZ,32.37,-112.86,100,74,86,63,1
2007,USC00020080,AJO,AZ,32.37,-112.86,100,73,88,63,1
2008,USC00020080,AJO,AZ,32.37,-112.86,98,72,84,60,1
2009,USC00020080,AJO,AZ,32.37,-112.86,104,77,92,67,1
2010,USC00020080,AJO,AZ,32.37,-112.86,101,74,86,62,1
2011,USC00020080,AJO,AZ,32.37,-112.86,100,73,85,60,1
2012,USC00020080,AJO,AZ,32.37,-112.86,99,73,87,61,1
2013,USC00020080,AJO,AZ,32.37,-112.86,100,73,85,60,1
2014,USC00020080,AJO,AZ,32.37,-112.86,100,73,87,62,1
2015,USC00020080,AJO,AZ,32.37,-112.86,100,73,86,61,1
2016,USC00020080,AJO,AZ,32.37,-112.86,100,73,88,61,1
2017,USC00020080,AJO,AZ,32.37,-112.86,100,73,89,61,1
2018,USC00020080,AJO,AZ,32.37,-112.86,100,73,87,62,1
2019,USC00020080,AJO,AZ,32.37,-112.86,100,73,86,60,1
2020,USC00020080,AJO,AZ,32.37,-112.86,100,73,89,62,1
2021,USC00020080,AJO,AZ,32.37,-112.86,100,73,88,61,1
2022,USC00020080,AJO,AZ,32.37,-112.86,100,73,88,61,1
2023,USC00020080,AJO,AZ,32.37,-112.86,100,73,88,60,1
2024,USC00020080,AJO,AZ,32.37,-112.86,100,74,90,62,1
2005,USC00021248,CANYON DE CHELLY,AZ,36.153,-109.539,84,54,71,41,1
2006,USC00021249,CANYON DE CHELLY,AZ,36.153,-109.539,84,54,70,38,0
2007,USC00021250,CANYON DE CHELLY,AZ,36.153,-109.539,85,55,70,40,0
2008,USC00021251,CANYON DE CHELLY,AZ,36.153,-109.539,84,54,68,38,0
2009,USC00021252,CANYON DE CHELLY,AZ,36.153,-109.539,85,55,69,39,0
2010,USC00021253,CANYON DE CHELLY,AZ,36.153,-109.539,84,55,68,39,0
2011,USC00021254,CANYON DE CHELLY,AZ,36.153,-109.539,84,54,68,39,0
2012,USC00021255,CANYON DE CHELLY,AZ,36.153,-109.539,84,54,71,39,0
2013,USC00021256,CANYON DE CHELLY,AZ,36.153,-109.539,84,54,67,38,0
2014,USC00021257,CANYON DE CHELLY,AZ,36.153,-109.539,84,54,70,40,0
2015,USC00021258,CANYON DE CHELLY,AZ,36.153,-109.539,84,54,69,39,0
2016,USC00021259,CANYON DE CHELLY,AZ,36.153,-109.539,84,54,70,39,0
2017,USC00021260,CANYON DE CHELLY,AZ,36.153,-109.539,84,54,72,40,0
2018,USC00021261,CANYON DE CHELLY,AZ,36.153,-109.539,84,54,72,39,1
2019,USC00021262,CANYON DE CHELLY,AZ,36.153,-109.539,84,54,67,38,0
2020,USC00021263,CANYON DE CHELLY,AZ,36.153,-109.539,83,54,70,37,1
2021,USC00021264,CANYON DE CHELLY,AZ,36.153,-109.539,84,54,70,38,0
2022,USC00021265,CANYON DE CHELLY,AZ,36.153,-109.539,84,54,69,38,1
2023,USC00021266,CANYON DE CHELLY,AZ,36.153,-109.539,84,54,69,37,1
2024,USC00021267,CANYON DE CHELLY,AZ,36.153,-109.539,86,55,72,41,1
2005,USC00023160,FORT VALLEY,AZ,35.272,-111.73,79,44,65,29,0
2006,USC00023160,FORT VALLEY,AZ,35.272,-111.73,78,43,65,27,0
2007,USC00023160,FORT VALLEY,AZ,35.272,-111.73,78,43,65,27,0
2008,USC00023160,FORT VALLEY,AZ,35.272,-111.73,78,43,62,26,0
2009,USC00023160,FORT VALLEY,AZ,35.272,-111.73,78,43,62,26,0
2010,USC00023160,FORT VALLEY,AZ,35.272,-111.73,78,43,60,27,0
2011,USC00023160,FORT VALLEY,AZ,35.272,-111.73,78,43,61,26,0
2012,USC00023160,FORT VALLEY,AZ,35.272,-111.73,78,43,63,28,0
2013,USC00023160,FORT VALLEY,AZ,35.272,-111.73,78,43,61,27,0
2014,USC00023160,FORT VALLEY,AZ,35.272,-111.73,78,43,65,31,0
2015,USC00023160,FORT VALLEY,AZ,35.272,-111.73,78,43,66,36,0
2016,USC00023160,FORT VALLEY,AZ,35.272,-111.73,78,43,65,29,0
2017,USC00023160,FORT VALLEY,AZ,35.272,-111.73,74,40,60,26,0
2018,USC00023160,FORT VALLEY,AZ,35.272,-111.73,79,45,66,31,1
2019,USC00023160,FORT VALLEY,AZ,35.272,-111.73,78,43,-1,-1,-1
2020,USC00023160,FORT VALLEY,AZ,35.272,-111.73,78,43,-1,-1,-1
2021,USC00023160,FORT VALLEY,AZ,35.272,-111.73,78,43,-1,-1,-1
2022,USC00023160,FORT VALLEY,AZ,35.272,-111.73,78,43,-1,-1,-1
2023,USC00023160,FORT VALLEY,AZ,35.272,-111.73,76,43,63,27,0
2024,USC00023160,FORT VALLEY,AZ,35.272,-111.73,78,43,63,28,0
2005,USC00026796,PRESCOTT,AZ,34.571,-112.432,90,58,74,46,1
2006,USC00026796,PRESCOTT,AZ,34.571,-112.432,89,58,74,45,1
2007,USC00026796,PRESCOTT,AZ,34.571,-112.432,86,55,72,42,1
2008,USC00026796,PRESCOTT,AZ,34.571,-112.432,86,55,71,40,0
2009,USC00026796,PRESCOTT,AZ,34.571,-112.432,86,55,71,40,0
2010,USC00026796,PRESCOTT,AZ,34.571,-112.432,86,55,69,40,0
2011,USC00026796,PRESCOTT,AZ,34.571,-112.432,86,55,70,39,1
2012,USC00026796,PRESCOTT,AZ,34.571,-112.432,86,55,72,40,1
2013,USC00026796,PRESCOTT,AZ,34.571,-112.432,86,55,70,39,0
2014,USC00026796,PRESCOTT,AZ,34.571,-112.432,86,55,72,41,0
2015,USC00026796,PRESCOTT,AZ,34.571,-112.432,86,55,71,41,0
2016,USC00026796,PRESCOTT,AZ,34.571,-112.432,86,55,72,41,0
2017,USC00026796,PRESCOTT,AZ,34.571,-112.432,86,55,73,41,1
2018,USC00026796,PRESCOTT,AZ,34.571,-112.432,86,55,72,41,1
2019,USC00026796,PRESCOTT,AZ,34.571,-112.432,86,55,69,40,0
2020,USC00026796,PRESCOTT,AZ,34.571,-112.432,86,55,73,40,1
2021,USC00026796,PRESCOTT,AZ,34.571,-112.432,86,55,71,41,1
2022,USC00026796,PRESCOTT,AZ,34.571,-112.432,86,55,71,40,1
2023,USC00026796,PRESCOTT,AZ,34.571,-112.432,85,54,70,38,1
2024,USC00026796,PRESCOTT,AZ,34.571,-112.432,85,54,71,39,1
2005,USC00027281,ROOSEVELT 1 S,AZ,33.649,-111.109,96,67,83,58,1
2006,USC00027281,ROOSEVELT 1 S,AZ,33.649,-111.109,96,67,83,57,1
2007,USC00027281,ROOSEVELT 1 S,AZ,33.649,-111.109,96,67,83,56,1
2008,USC00027281,ROOSEVELT 1 S,AZ,33.649,-111.109,96,67,82,54,1
2009,USC00027281,ROOSEVELT 1 S,AZ,33.649,-111.109,96,67,83,54,1
2010,USC00027281,ROOSEVELT 1 S,AZ,33.649,-111.109,96,68,82,57,1
2011,USC00027281,ROOSEVELT 1 S,AZ,33.649,-111.109,96,67,82,58,1
2012,USC00027281,ROOSEVELT 1 S,AZ,33.649,-111.109,97,68,85,60,1
2013,USC00027281,ROOSEVELT 1 S,AZ,33.649,-111.109,98,69,85,60,1
2014,USC00027281,ROOSEVELT 1 S,AZ,33.649,-111.109,96,67,83,59,1
2015,USC00027281,ROOSEVELT 1 S,AZ,33.649,-111.109,97,68,84,60,1
2016,USC00027281,ROOSEVELT 1 S,AZ,33.649,-111.109,96,67,84,59,1
2017,USC00027281,ROOSEVELT 1 S,AZ,33.649,-111.109,97,69,86,61,1
2018,USC00027281,ROOSEVELT 1 S,AZ,33.649,-111.109,97,69,-1,-1,-1
2019,USC00027281,ROOSEVELT 1 S,AZ,33.649,-111.109,98,70,85,56,1
2020,USC00027281,ROOSEVELT 1 S,AZ,33.649,-111.109,95,67,84,54,1
2021,USC00027281,ROOSEVELT 1 S,AZ,33.649,-111.109,97,68,83,53,1
2022,USC00027281,ROOSEVELT 1 S,AZ,33.649,-111.109,97,68,82,50,1
2023,USC00027281,ROOSEVELT 1 S,AZ,33.649,-111.109,95,66,79,46,1
2024,USC00027281,ROOSEVELT 1 S,AZ,33.649,-111.109,98,69,84,58,1
2010,USC00027390,SAFFORD AGRICULTURAL CENTER,AZ,32.815,-109.681,,,,,
2011,USC00027435,SAINT JOHNS,AZ,34.518,-109.401,,,,,
2012,USC00027716,SELIGMAN,AZ,35.332,-112.879,,,,,
2013,USC00028619,TOMBSTONE,AZ,31.712,-110.069,,,,,
2014,USC00029287,WICKENBURG,AZ,33.979,-112.74,,,,,
2015,USC00029359,WILLIAMS,AZ,35.241,-112.193,,,,,
2016,USC00020672,BEAVER DAM,AZ,36.914,-113.942,,,,,
2017,USC00022140,CORONADO NATIONAL MEMORIAL,AZ,31.346,-110.254,,,,,
2018,USC00025924,NOGALES 6 N,AZ,31.455,-110.968,,,,,
2019,USC00027619,SASABE,AZ,31.483,-111.544,,,,,
2020,USC00028865,TUMACACORI NM,AZ,31.568,-111.05,,,,,
2021,USC00026716,PORTAL 4 SW,AZ,31.883,-109.206,,,,,
2022,USC00026353,PEARCE - SUNSITES,AZ,31.936,-109.838,,,,,
2023,USC00020683,BENSON 6 SE,AZ,31.881,-110.24,,,,,
2024,USC00026132,ORGAN PIPE CACTUS NM,AZ,31.956,-112.8,,,,,
,USC00020287,ANVIL RANCH,AZ,31.979,-111.384,,,,,
,USC00029334,WILLCOX,AZ,32.255,-109.837,,,,,
,USC00021330,CASCABEL,AZ,32.262,-110.348,,,,,
,USC00028396,TACNA 3 NE,AZ,32.722,-113.919,,,,,
,USC00022754,DUNCAN,AZ,32.748,-109.121,,,,,
,USW00003125,YUMA PROVING GROUND,AZ,32.836,-114.394,,,,,
,USC00023393,GILA BEND 2SE,AZ,32.938,-112.681,,,,,
,USC00023150,FORT THOMAS 2 SW,AZ,33.009,-109.986,,,,,
,USC00021314,CASA GRANDE NATL MONUMENT,AZ,32.995,-111.537,,,,,
,USC00025270,MARICOPA 4 N,AZ,33.114,-112.03,,,,,
,USC00024702,KOFA MINE,AZ,33.274,-113.965,,,,,
,USC00024829,LAVEEN 3 SSE,AZ,33.337,-112.147,,,,,
,USC00020808,BLACK RIVER PUMPS,AZ,33.478,-109.752,,,,,
,USC00026865,QUARTZSITE,AZ,33.665,-114.228,,,,,
,USC00021282,CAREFREE,AZ,33.816,-111.902,,,,,
,USC00020159,ALPINE,AZ,33.849,-109.147,,,,,
,USC00021353,CASTLE HOT SPRINGS,AZ,33.983,-112.363,,,,,
,USC00020949,BOUSE,AZ,33.943,-114.024,,,,,
,USC00025412,MCNARY 2N,AZ,34.113,-109.86,,,,,
,USC00026653,PLEASANT VALLEY,AZ,34.1,-110.966,,,,,
,USC00028162,SPRINGERVILLE,AZ,34.131,-109.275,,,,,
,USW00093139,PAYSON,AZ,34.233,-111.345,,,,,
,USC00022109,CORDES,AZ,34.305,-112.165,,,,,
,USC00023961,HEBER (BLACK MESA) RANGER STATION,AZ,34.392,-110.558,,,,,
,USC00028012,SNOWFLAKE,AZ,34.508,-110.084,,,,,
,USW00023184,PRESCOTT LOVE FIELD,AZ,34.649,-112.422,,,,,
,USC00020586,BAGDAD,AZ,34.597,-113.174,,,,,
,USC00020871,BLUE RIDGE RANGER STATION,AZ,34.611,-111.192,,,,,
,USC00025635,MONTEZUMA CASTLE NATIONAL MONUMENT,AZ,34.611,-111.838,,,,,
,USC00023828,HAPPY JACK RANGER STATION,AZ,34.742,-111.409,,,,,
,USC00028904,TUZIGOOT,AZ,34.77,-112.026,,,,,
,USC00024453,JEROME,AZ,34.754,-112.112,,,,,
,USC00026468,PETRIFIED FOREST NP,AZ,34.799,-109.885,,,,,
,USC00029645,YUCCA 1 NNE,AZ,34.877,-114.134,,,,,
,USC00029158,WALNUT CREEK,AZ,34.928,-112.81,,,,,
,USC00026037,OAK CREEK CANYON,AZ,34.96,-111.755,,,,,
,USW00023194,WINSLOW AIRPORT,AZ,35.028,-110.722,,,,,
,USW00003103,FLAGSTAFF AP,AZ,35.144,-111.666,,,,,
,USC00027488,SANDERS,AZ,35.224,-109.322,,,,,
,USC00028329,SUNSET CRATER NM,AZ,35.369,-111.544,,,,,
,USC00029542,WUPATKI NM,AZ,35.52,-111.372,,,,,
,USC00021001,BRIGHT ANGEL RANGER STATION,AZ,36.215,-112.062,,,,,
,USC00020750,BETATAKIN,AZ,36.678,-110.541,,,,,
,USC00026616,PIPE SPRING NATIONAL MONUMENT,AZ,36.863,-112.737,,,,,
,USC00028468,TEEC NOS POS,AZ,36.923,-109.09,,,,,
,USC00026180,PAGE,AZ,36.921,-111.449,,,,,
,USW00093026,DOUGLAS (BISBEE) INTL AP,AZ,31.458,-109.606,,,,,
,USW00023160,TUCSON INTERNATIONAL AIRPORT,AZ,32.132,-110.956,,,,,
,USW00023161,BARSTOW-DAGGETT AIRPORT,CA,34.854,-116.787,,,,,
,USW00093107,SAN DIEGO MIRAMAR NAS,CA,32.867,-117.133,,,,,
,USW00093112,NORTH ISLAND NAS,CA,32.692,-117.21,,,,,
,USC00041614,CEDARVILLE,CA,41.53,-120.179,,,,,
,USC00041912,COLFAX,CA,39.09,-120.947,,,,,
,USC00042239,CUYAMACA,CA,32.99,-116.587,,,,,
,USC00042294,DAVIS 2 WSW EXP FARM,CA,38.535,-121.776,,,,,
,USC00042319,DEATH VALLEY NATIONAL PARK,CA,36.463,-116.867,,,,,
,USC00042941,FAIRMONT,CA,34.705,-118.43,,,,,
,USC00043161,FORT BRAGG 5 N,CA,39.51,-123.756,,,,,
,USC00043747,HANFORD 1 S,CA,36.316,-119.637,,,,,
,USC00043875,HEALDSBURG,CA,38.629,-122.866,,,,,
,USC00044890,LEMON COVE,CA,36.382,-119.026,,,,,
,USC00046399,OJAI,CA,34.448,-119.228,,,,,
,USC00046506,ORLAND,CA,39.746,-122.2,,,,,
,USC00046508,ORLEANS,CA,41.302,-123.539,,,,,
,USC00046730,PASO ROBLES,CA,35.628,-120.686,,,,,
,USC00046826,PETALUMA AIRPORT,CA,38.258,-122.608,,,,,
,USC00047195,QUINCY,CA,39.937,-120.948,,,,,
,USC00047916,SANTA CRUZ,CA,36.988,-122,,,,,
,USC00048758,TAHOE CITY,CA,39.168,-120.143,,,,,
,USC00049490,WEAVERVILLE,CA,40.735,-122.944,,,,,
,USC00049699,WILLOWS 6 W,CA,39.523,-122.305,,,,,
,USC00049866,YREKA,CA,41.703,-122.641,,,,,
,USW00024213,EUREKA WFO WOODLEY ISLAND,CA,40.81,-124.16,,,,,
,USC00044232,INDEPENDENCE,CA,36.798,-118.204,,,,,
,USC00047851,SAN LUIS OBISPO POLY,CA,35.306,-120.662,,,,,
,USC00041214,BURNEY,CA,40.88,-121.655,,,,,
,USC00041424,CAMPO,CA,32.626,-116.47,,,,,
,USC00042713,EL CENTRO 2 SSW,CA,32.767,-115.562,,,,,
,USC00043914,HENSHAW DAM,CA,33.237,-116.761,,,,,
,USC00040983,BORREGO DESERT PARK,CA,33.256,-116.404,,,,,
,USC00046657,PALOMAR MTN OBSERVATORY,CA,33.378,-116.84,,,,,
,USC00045502,MECCA FIRE STATION,CA,33.57,-116.073,,,,,
,USW00023158,BLYTHE ASOS,CA,33.619,-114.715,,,,,
,USW00003104,DESERT RESORTS REGIONAL AP,CA,33.632,-116.164,,,,,
,USC00043855,HAYFIELD PUMPING PLANT,CA,33.704,-115.629,,,,,
,USC00044211,IDYLLWILD FIRE DEPT,CA,33.757,-116.707,,,,,
,USC00042598,EAGLE MOUNTAIN,CA,33.808,-115.451,,,,,
,USC00042214,CULVER CITY,CA,34.005,-118.414,,,,,
,USC00044297,IRON MOUNTAIN,CA,34.147,-115.122,,,,,
,USC00049099,TWENTYNINE PALMS,CA,34.128,-116.037,,,,,
,USC00046006,MT WILSON CBS,CA,34.231,-118.071,,,,,
,USC00046699,PARKER RESRVOIR,CA,34.29,-114.171,,,,,
,USC00040741,BIG BEAR LAKE,CA,34.243,-116.917,,,,,
,USW00023190,SANTA BARBARA MUNI AP,CA,34.424,-119.842,,,,,
,USC00041253,CACHUMA LAKE,CA,34.582,-119.982,,,,,
,USC00045064,LOMPOC,CA,34.654,-120.451,,,,,
,USW00023187,SANDBERG,CA,34.744,-118.725,,,,,
,USC00046943,PISMO BEACH,CA,35.16,-120.683,,,,,
,USC00047253,RANDSBURG,CA,35.369,-117.653,,,,,
,USC00045866,MORRO BAY FIRE DEPT,CA,35.367,-120.845,,,,,
,USC00041244,BUTTONWILLOW,CA,35.403,-119.47,,,,,
,USC00049035,TRONA,CA,35.764,-117.391,,,,,
,USC00043710,HAIWEE,CA,36.139,-117.953,,,,,
,USC00042012,CORCORAN IRRIGATION DIST.,CA,36.097,-119.582,,,,,
,USC00044555,KING CITY,CA,36.207,-121.138,,,,,
,USC00044957,LINDSAY,CA,36.203,-119.055,,,,,
,USC00043083,FIVE POINTS 5 SSW,CA,36.364,-120.156,,,,,
,USC00048917,THREE RIVERS EDISON PH 1,CA,36.465,-118.862,,,,,
,USC00045026,LODGEPOLE,CA,36.604,-118.733,,,,,
,USC00045795,MONTEREY,CA,36.593,-121.856,,,,,
,USC00047668,SALINAS NO. 2,CA,36.659,-121.666,,,,,
,USC00043551,GRANT GROVE,CA,36.738,-118.962,,,,,
,USC00049473,WATSONVILLE WATERWORKS,CA,36.931,-121.769,,,,,
,USC00043261,FRIANT GOVERNMENT CAMP,CA,36.996,-119.707,,,,,
,USC00045233,MADERA,CA,36.954,-120.038,,,,,
,USC00043417,GILROY,CA,37.003,-121.561,,,,,
,USC00045118,LOS BANOS,CA,37.056,-120.867,,,,,
,USC00040673,BEN LOMOND NO. 4,CA,37.086,-122.08,,,,,
,USC00045933,MOUNT HAMILTON,CA,37.343,-121.635,,,,,
,USW00023157,BISHOP AIRPORT,CA,37.371,-118.359,,,,,
,USC00043714,HALF MOON BAY,CA,37.472,-122.443,,,,,
,USC00048380,SO ENTRANCE YOSEMITE N.P.,CA,37.512,-119.633,,,,,
,USC00049001,TRACY PUMPING PLANT,CA,37.796,-121.583,,,,,
,USC00043939,HETCH HETCHY,CA,37.961,-119.783,,,,,
,USC00048353,SONORA,CA,37.967,-120.387,,,,,
,USC00047880,SAN RAFAEL-CIVIC CENTER,CA,37.998,-122.537,,,,,
,USC00044500,KENTFIELD,CA,37.957,-122.545,,,,,
,USC00041277,CALAVERAS BIG TREES,CA,38.277,-120.311,,,,,
,USC00041428,CAMP PARDEE,CA,38.249,-120.843,,,,,
,USC00048351,SONOMA,CA,38.299,-122.462,,,,,
,USC00043578,GRATON,CA,38.431,-122.865,,,,,
,USC00049742,WINTERS,CA,38.525,-121.978,,,,,
,USC00047643,SAINT HELENA,CA,38.507,-122.471,,,,,
,USC00040212,ANGWIN PACIFIC UNION COLLEGE,CA,38.573,-122.441,,,,,
,USC00049781,WOODLAND 1 WNW,CA,38.683,-121.794,,,,,
,USC00041838,CLOVERDALE,CA,38.793,-123.026,,,,,
,USW00093230,SOUTH LAKE TAHOE AP,CA,38.898,-119.996,,,,,
,USC00043384,GEORGETOWN RS,CA,38.933,-120.801,,,,,
,USC00043573,GRASS VALLEY NO. 2,CA,39.204,-121.068,,,,,
,USC00041948,COLUSA 2 SSW,CA,39.188,-122.027,,,,,
,USW00023225,BLUE CANYON NYACK AP,CA,39.276,-120.709,,,,,
,USC00046136,NEVADA CITY,CA,39.247,-121.001,,,,,
,USC00042467,DONNER MEMORIAL ST PARK,CA,39.324,-120.233,,,,,
,USC00040931,BOCA,CA,39.389,-120.094,,,,,
,USC00047109,POTTER VALLEY POWERHOUSE,CA,39.362,-123.129,,,,,
,USC00049684,WILLITS 1 NE,CA,39.419,-123.343,,,,,
,USC00046521,OROVILLE,CA,39.518,-121.553,,,,,
,USC00042500,DOWNIEVILLE,CA,39.563,-120.824,,,,,
,USC00048606,STRAWBERRY VALLEY,CA,39.532,-121.161,,,,,
,USC00048587,STONY GORGE RESERVOIR,CA,39.586,-122.534,,,,,
,USC00046685,PARADISE,CA,39.754,-121.624,,,,,
,USC00042081,COVELO,CA,39.816,-123.244,,,,,
,USC00047085,PORTOLA,CA,39.805,-120.472,,,,,
,USC00042402,DE SABLA,CA,39.872,-121.611,,,,,
,USC00042506,DOYLE 4 SSE,CA,39.972,-120.083,,,,,
,USC00041700,CHESTER,CA,40.303,-121.242,,,,,
,USC00048045,SCOTIA,CA,40.483,-124.104,,,,,
,USC00048135,SHASTA DAM,CA,40.714,-122.416,,,,,
,USC00040738,BIG BAR 4 E,CA,40.74,-123.208,,,,,
,USC00043824,HAT CREEK,CA,40.932,-121.543,,,,,
,USC00044374,JESS VALLEY,CA,41.271,-120.298,,,,,
,USC00041316,CALLAHAN,CA,41.338,-122.825,,,,,
,USC00044838,LAVA BEDS NAT MON,CA,41.712,-121.507,,,,,
,USC00042147,CRESCENT CITY 3 NNW,CA,41.796,-124.215,,,,,
,USC00043157,FORT BIDWELL,CA,41.871,-120.157,,,,,
,USC00049053,TULELAKE,CA,41.96,-121.474,,,,,
,USC00045360,MARKLEY COVE,CA,38.492,-122.124,,,,,
,USW00024216,RED BLUFF MUNI AP,CA,40.152,-122.255,,,,,
,USW00023179,NEEDLES AIRPORT,CA,34.768,-114.618,,,,,
,USC00048702,SUSANVILLE 2SW,CA,40.417,-120.663,,,,,
,USW00093209,PASO ROBLES MUNICIPAL AP,CA,35.669,-120.629,,,,,
,USW00023110,LEMOORE REEVES NAS,CA,36.333,-119.95,,,,,
,USW00023066,GRAND JUNCTION WALKER FIELD,CO,39.134,-108.541,,,,,
,USC00051294,CANON CITY,CO,38.46,-105.225,,,,,
,USC00051528,CHEESMAN,CO,39.22,-105.278,,,,,
,USC00051564,CHEYENNE WELLS 2NE,CO,38.858,-102.333,,,,,
,USC00052184,DEL NORTE 3ENE,CO,37.691,-106.308,,,,,
,USC00052281,DILLON 1 E,CO,39.625,-106.034,,,,,
,USC00052446,EADS,CO,38.476,-102.777,,,,,
,USC00053038,FORT MORGAN,CO,40.257,-103.87,,,,,
,USC00053146,FRUITA,CO,39.144,-108.728,,,,,
,USC00053662,GUNNISON 3SW,CO,38.525,-106.967,,,,,
,USC00053951,HERMIT 8 SE,CO,37.749,-107.095,,,,,
,USC00054076,HOLLY,CO,38.052,-102.132,,,,,
,USC00054834,LAS ANIMAS,CO,38.063,-103.215,,,,,
,USC00055322,MANASSA,CO,37.171,-105.94,,,,,
,USC00055722,MONTROSE NO 2,CO,38.486,-107.879,,,,,
,USC00057936,STEAMBOAT SPRINGS,CO,40.488,-106.823,,,,,
,USC00058204,TELLURIDE 4WNW,CO,37.949,-107.874,,,,,
,USC00058429,TRINIDAD,CO,37.179,-104.487,,,,,
,USC00059243,WRAY,CO,40.082,-102.207,,,,,
,USC00051268,CAMPO 7 S,CO,37.01,-102.554,,,,,
,USC00053016,FORT LEWIS,CO,37.231,-108.051,,,,,
,USC00055531,MESA VERDE NP,CO,37.2,-108.489,,,,,
,USW00023070,TRINIDAD AP,CO,37.262,-104.332,,,,,
,USC00058793,WALSH 1 W,CO,37.382,-102.299,,,,,
,USC00058582,VALLECITO DAM,CO,37.38,-107.581,,,,,
,USC00051886,CORTEZ,CO,37.344,-108.595,,,,,
,USW00023061,ALAMOSA-BERGMAN FIELD,CO,37.439,-105.862,,,,,
,USC00055706,MONTE VISTA 2W,CO,37.581,-106.187,,,,,
,USC00058781,WALSENBURG 1 NW,CO,37.63,-104.796,,,,,
,USC00053541,GREAT SAND DUNES NATIONAL PARK AND PRESERVE,CO,37.733,-105.512,,,,,
,USC00057656,SILVERTON,CO,37.809,-107.663,,,,,
,USC00057167,ROCKY FORD 2 SE,CO,38.038,-103.695,,,,,
,USC00054770,LAMAR,CO,38.094,-102.631,,,,,
,USC00054388,JOHN MARTIN DAM,CO,38.063,-102.93,,,,,
,USW00023067,LA JUNTA MUNICIPAL AIRPORT,CO,38.049,-103.513,,,,,
,USC00058931,WESTCLIFFE,CO,38.131,-105.466,,,,,
,USC00058560,URAVAN,CO,38.376,-108.742,,,,,
,USC00058157,TACONY 13 SE,CO,38.342,-104.057,,,,,
,USC00051713,COCHETOPA CREEK,CO,38.443,-106.762,,,,,
,USC00051609,CIMARRON,CO,38.443,-107.557,,,,,
,USC00053246,GATEWAY 1ENE,CO,38.688,-108.961,,,,,
,USC00054603,KIT CARSON,CO,38.763,-102.8,,,,,
,USC00058184,TAYLOR PARK,CO,38.818,-106.609,,,,,
,USC00057287,RUSH 1N,CO,38.861,-104.094,,,,,
,USC00057309,RUXTON PARK,CO,38.842,-104.974,,,,,
,USC00051071,BUENA VISTA 2S,CO,38.825,-106.128,,,,,
,USC00051959,CRESTED BUTTE,CO,38.874,-106.977,,,,,
,USC00054742,LAKE GEORGE 8 SW,CO,38.907,-105.471,,,,,
,USC00050263,ANTERO RESERVOIR,CO,38.993,-105.891,,,,,
,USC00058501,TWIN LAKES RESERVOIR,CO,39.094,-106.351,,,,,
,USC00053489,GRAND JUNCTION 6ESE,CO,39.042,-108.466,,,,,
,USC00056266,PALISADE,CO,39.114,-108.35,,,,,
,USC00051772,COLORADO NATIONAL MONUMENT,CO,39.101,-108.734,,,,,
,USC00052932,FLAGLER 1S,CO,39.281,-103.062,,,,,
,USC00058064,SUGARLOAF RESERVOIR,CO,39.249,-106.371,,,,,
,USC00051121,BURLINGTON,CO,39.306,-102.261,,,,,
,USC00051401,CASTLE ROCK,CO,39.387,-104.864,,,,,
,USC00051660,CLIMAX,CO,39.367,-106.19,,,,,
,USC00050454,BAILEY,CO,39.405,-105.477,,,,,
,USC00053530,GRANT,CO,39.461,-105.678,,,,,
,USC00050214,ALTENBERN,CO,39.499,-108.381,,,,,
,USC00052790,EVERGREEN,CO,39.638,-105.315,,,,,
,USC00051186,CABIN CREEK,CO,39.655,-105.709,,,,,
,USC00051179,BYERS 5 ENE,CO,39.741,-104.127,,,,,
,USC00050950,BRIGHTON 3 SE,CO,39.944,-104.836,,,,,
,USC00054664,KREMMLING,CO,40.058,-106.368,,,,,
,USC00056832,RANGELY 1E,CO,40.089,-108.773,,,,,
,USC00059295,YUMA,CO,40.124,-102.722,,,,,
,USW00024015,AKRON WASHINGTON COUNTY AP,CO,40.174,-103.215,,,,,
,USC00050109,AKRON 4 E,CO,40.155,-103.142,,,,,
,USC00053500,GRAND LAKE 6 SSW,CO,40.185,-105.867,,,,,
,USC00059265,YAMPA,CO,40.156,-106.911,,,,,
,USC00053496,GRAND LAKE 1 NW,CO,40.267,-105.832,,,,,
,USC00053867,HAYDEN,CO,40.493,-107.255,,,,,
,USC00054945,LEROY 5 WSW,CO,40.515,-102.991,,,,,
,USC00055446,MAYBELL,CO,40.516,-108.094,,,,,
,USC00054082,HOLYOKE,CO,40.545,-102.341,,,,,
,USC00050945,BRIGGSDALE,CO,40.634,-104.329,,,,,
,USC00058756,WALDEN,CO,40.744,-106.279,,,,,
,USC00057515,SEDGWICK 5 S,CO,40.866,-102.516,,,,,
,USC00054413,JULESBURG,CO,40.988,-102.265,,,,,
,USC00052286,DINOSAUR NATL MONUMENT,CO,40.244,-108.973,,,,,
,USW00093010,LIMON,CO,39.273,-103.667,,,,,
,USC00056306,PAONIA 1SW,CO,38.852,-107.622,,,,,
,USW00024149,LEWISTON AP,ID,46.375,-117.015,,,,,
,USC00100010,ABERDEEN EXPERIMENT STN,ID,42.954,-112.825,,,,,
,USC00100470,ASHTON 1N,ID,44.071,-111.457,,,,,
,USC00101408,CAMBRIDGE,ID,44.573,-116.675,,,,,
,USC00101956,COEUR D'ALENE,ID,47.682,-116.797,,,,,
,USC00103631,GLENNS FERRY,ID,42.94,-115.323,,,,,
,USC00103732,GRACE,ID,42.563,-111.759,,,,,
,USC00104845,KETCHUM RANGER STATION,ID,43.684,-114.36,,,,,
,USC00104140,HAZELTON,ID,42.597,-114.138,,,,,
,USC00104670,JEROME,ID,42.733,-114.519,,,,,
,USC00103143,FENN RANGER STATION,ID,46.1,-115.545,,,,,
,USC00105275,LIFTON PUMPING STATION,ID,42.123,-111.313,,,,,
,USC00105462,MACKAY LOST RIVER RS,ID,43.918,-113.615,,,,,
,USC00106152,MOSCOW U OF I,ID,46.728,-116.956,,,,,
,USC00106388,NEW MEADOWS RS,ID,44.971,-116.293,,,,,
,USC00106542,OAKLEY,ID,42.234,-113.892,,,,,
,USC00102845,DWORSHAK FISH HATCHERY,ID,46.502,-116.322,,,,,
,USC00106891,PAYETTE,ID,44.076,-116.931,,,,,
,USC00107264,PORTHILL,ID,48.999,-116.499,,,,,
,USC00107386,PRIEST RIVER EXP STATION,ID,48.351,-116.835,,,,,
,USC00108137,SANDPOINT EXP STATION,ID,48.294,-116.563,,,,,
,USC00108080,SALMON-KSRA,ID,45.173,-113.885,,,,,
,USC00107346,PRESTON,ID,42.093,-111.883,,,,,
,USW00024133,BURLEY MUNICIPAL AIRPORT,ID,42.545,-113.769,,,,,
,USC00109303,TWIN FALLS 6 E,ID,42.546,-114.346,,,,,
,USC00101551,CASTLEFORD 2 N,ID,42.55,-114.866,,,,,
,USC00106877,PAUL 1ENE,ID,42.612,-113.763,,,,,
,USC00105678,MASSACRE ROCKS STATE PARK,ID,42.668,-112.998,,,,,
,USC00105980,MINIDOKA DAM,ID,42.677,-113.502,,,,,
,USW00024156,POCATELLO REGIONAL AIRPORT,ID,42.92,-112.572,,,,,
,USC00108380,SHOSHONE 1 WNW,ID,42.938,-114.417,,,,,
,USC00103297,FORT HALL 1 NNE,ID,43.033,-112.432,,,,,
,USC00107673,RICHFIELD,ID,43.052,-114.155,,,,,
,USC00100915,BLACKFOOT FIRE DEPARTMENT,ID,43.192,-112.345,,,,,
,USC00107648,REYNOLDS,ID,43.206,-116.749,,,,,
,USC00108928,SWAN FALLS PH,ID,43.244,-116.378,,,,,
,USC00107040,PICABO,ID,43.309,-114.067,,,,,
,USC00104456,IDAHO FALLS 16 SE,ID,43.346,-111.785,,,,,
,USC00103108,FAIRFIELD RANGER STATION,ID,43.343,-114.79,,,,,
,USC00108937,SWAN VALLEY,ID,43.437,-111.279,,,,,
,USC00104455,IDAHO FALLS - KIFI,ID,43.514,-112.013,,,,,
,USC00102260,CRATERS OF THE MOON,ID,43.462,-113.56,,,,,
,USW00024145,IDAHO FALLS FAA AP,ID,43.52,-112.068,,,,,
,USC00100375,ARCO,ID,43.636,-113.3,,,,,
,USC00102676,DRIGGS,ID,43.779,-111.111,,,,,
,USC00104384,HOWE,ID,43.783,-113.003,,,,,
,USC00104442,IDAHO CITY,ID,43.838,-115.832,,,,,
,USC00106844,PARMA EXPERIMENT STATION,ID,43.802,-116.944,,,,,
,USC00109065,TETONIA EXPERIMENT STN,ID,43.856,-111.277,,,,,
,USC00102942,EMMETT 2 E,ID,43.854,-116.466,,,,,
,USC00108022,SAINT ANTHONY,ID,43.952,-111.679,,,,,
,USC00103964,HAMER 4 NW,ID,43.966,-112.264,,,,,
,USC00101671,CHILLY BARTON FLAT,ID,43.978,-113.829,,,,,
,USC00103448,GARDEN VALLEY,ID,44.101,-115.969,,,,,
,USC00108676,STANLEY,ID,44.221,-114.935,,,,,
,USC00102707,DUBOIS EXPERIMENT STATION,ID,44.244,-112.2,,,,,
,USC00104598,ISLAND PARK,ID,44.42,-111.371,,,,,
,USC00101514,CASCADE 1 NW,ID,44.523,-116.048,,,,,
,USC00105177,LEADORE NO. 2,ID,44.683,-113.362,,,,,
,USC00105897,MIDDLE FORK LODGE,ID,44.719,-115.015,,,,,
,USC00102187,COUNCIL,ID,44.744,-116.433,,,,,
,USC00105708,MCCALL,ID,44.887,-116.105,,,,,
,USC00107706,RIGGINS,ID,45.354,-116.395,,,,,
,USC00102875,ELK CITY 1NE,ID,45.836,-115.461,,,,,
,USC00103771,GRANGEVILLE,ID,45.941,-116.118,,,,,
,USC00109846,WINCHESTER,ID,46.238,-116.623,,,,,
,USC00106424,NEZPERCE,ID,46.232,-116.243,,,,,
,USC00107046,PIERCE,ID,46.492,-115.801,,,,,
,USC00102892,ELK RIVER,ID,46.774,-116.176,,,,,
,USC00107301,POTLATCH 3 NNE,ID,46.96,-116.855,,,,,
,USC00108062,SAINT MARIES,ID,47.316,-116.579,,,,,
,USC00109498,WALLACE,ID,47.475,-115.931,,,,,
,USC00100667,BAYVIEW MODEL BASIN,ID,47.98,-116.559,,,,,
,USC00101363,CABINET GORGE,ID,48.086,-116.057,,,,,
,USC00101079,BONNERS FERRY,ID,48.693,-116.31,,,,,
,USW00094143,IDAHO FALLS 46 W,ID,43.533,-112.948,,,,,
,USC00104831,KELLOGG,ID,47.533,-116.133,,,,,
,USW00024151,MALAD CITY,ID,42.189,-112.249,,,,,
,USC00244820,LAKEVIEW,MT,44.599,-111.812,,,,,
,USC00245030,LIMA,MT,44.633,-112.593,,,,,
,USC00241995,COOKE CITY 2 W,MT,45.011,-109.982,,,,,
,USC00243378,GARDINER,MT,45.032,-110.704,,,,,
,USC00240743,BIDDLE 8 SW,MT,45.043,-105.48,,,,,
,USC00245870,MOORHEAD 9 NE,MT,45.176,-105.752,,,,,
,USC00246918,RED LODGE,MT,45.177,-109.257,,,,,
,USC00240088,ALBION 1 N,MT,45.209,-104.265,,,,,
,USC00245961,MYSTIC LAKE,MT,45.244,-109.731,,,,,
,USC00240775,BIG SKY 2WNW,MT,45.277,-111.325,,,,,
,USC00242409,DILLON U OF MONTANA WESTERN,MT,45.209,-112.639,,,,,
,USC00241102,BRIDGER 2 N,MT,45.326,-108.909,,,,,
,USC00248597,VIRGINIA CITY,MT,45.293,-111.945,,,,,
,USC00242793,ENNIS,MT,45.339,-111.712,,,,,
,USC00241127,BROADUS,MT,45.444,-105.407,,,,,
,USC00247740,SONNETTE 7 SW,MT,45.324,-105.914,,,,,
,USC00244506,JOLIET,MT,45.473,-109.01,,,,,
,USC00246157,NORRIS MADISON POWER HOUSE,MT,45.487,-111.634,,,,,
,USC00247034,RIDGEWAY 1 S,MT,45.502,-104.448,,,,,
,USC00241297,BUSBY,MT,45.54,-106.96,,,,,
,USC00248430,TWIN BRIDGES,MT,45.547,-112.326,,,,,
,USC00241938,COLUMBUS,MT,45.644,-109.267,,,,,
,USC00249067,WISDOM,MT,45.618,-113.451,,,,,
,USC00241044,BOZEMAN MONTANA STATE UNIVERSITY,MT,45.662,-111.046,,,,,
,USC00241047,BOZEMAN 6 W EXP FARM,MT,45.673,-111.155,,,,,
,USC00243915,HARDIN,MT,45.732,-107.609,,,,,
,USW00024132,BOZEMAN GALLATIN FIELD AP,MT,45.788,-111.162,,,,,
,USC00242421,DIVIDE,MT,45.751,-112.755,,,,,
,USC00241084,BRANDENBERG,MT,45.816,-106.233,,,,,
,USW00024033,BILLINGS INTERNATIONAL AIRPORT,MT,45.807,-108.546,,,,,
,USC00240780,BIG TIMBER,MT,45.833,-109.951,,,,,
,USC00242689,EKALAKA,MT,45.886,-104.548,,,,,
,USC00246691,POWDERVILLE 8 NNE,MT,45.852,-105.035,,,,,
,USC00241905,COLSTRIP,MT,45.894,-106.634,,,,,
,USC00244364,HYSHAM 25 SSE,MT,45.935,-107.138,,,,,
,USC00244345,HUNTLEY EXPERIMENTAL STATION,MT,45.923,-108.245,,,,,
,USC00246862,RAPELJE,MT,45.972,-109.254,,,,,
,USC00248363,TRIDENT,MT,45.947,-111.476,,,,,
,USW00024135,BUTTE BERT MOONEY AP,MT,45.964,-112.501,,,,,
,USC00249023,WILSALL 8 ENE,MT,46.031,-110.505,,,,,
,USC00242221,DARBY,MT,46.026,-114.176,,,,,
,USC00245603,MELVILLE 4 W,MT,46.105,-110.05,,,,,
,USC00241008,BOULDER,MT,46.231,-112.114,,,,,
,USC00243885,HAMILTON,MT,46.246,-114.168,,,,,
,USC00245754,MIZPAH 4 NNW,MT,46.286,-105.292,,,,,
,USC00244358,HYSHAM,MT,46.29,-107.231,,,,,
,USC00247261,RYEGATE,MT,46.299,-109.256,,,,,
,USC00248324,TOWNSEND 3SE,MT,46.299,-111.452,,,,,
,USC00246472,PHILLIPSBURG RANGER STATION,MT,46.316,-113.3,,,,,
,USC00248783,WESTERN AG RESEARCH CENTER,MT,46.328,-114.085,,,,,
,USC00244954,LENNEP 5 SW,MT,46.361,-110.6,,,,,
,USC00246601,PLEVNA,MT,46.418,-104.516,,,,,
,USC00243939,HARLOWTON,MT,46.436,-109.843,,,,,
,USC00242275,DEER LODGE 3 W,MT,46.391,-112.798,,,,,
,USC00247214,ROUNDUP,MT,46.438,-108.532,,,,,
,USC00247263,RYEGATE 18 NNW,MT,46.533,-109.344,,,,,
,USC00245387,MARTINSDALE 3 NNW,MT,46.5,-110.338,,,,,
,USC00247894,STEVENSVILLE,MT,46.514,-114.091,,,,,
,USC00245596,MELSTONE,MT,46.601,-107.871,,,,,
,USW00024144,HELENA AIRPORT ASOS,MT,46.604,-111.989,,,,,
,USC00244545,JUDITH GAP 13 E,MT,46.61,-109.474,,,,,
,USC00241518,CARLYLE 13 NW,MT,46.744,-104.309,,,,,
,USC00244386,INGOMAR 9 E,MT,46.568,-107.195,,,,,
,USC00248165,TERRY,MT,46.794,-105.302,,,,,
,USC00247136,ROCK SPRINGS,MT,46.82,-106.245,,,,,
,USC00243013,FLATWILLOW 4 ENE,MT,46.822,-108.372,,,,,
,USC00246685,POTOMAC,MT,46.877,-113.563,,,,,
,USC00245735,MISSOULA 2 NE,MT,46.898,-113.968,,,,,
,USW00024153,MISSOULA INTERNATIONAL AP,MT,46.921,-114.094,,,,,
,USC00248957,WIBAUX 2 E,MT,46.988,-104.157,,,,,
,USC00245872,MOSBY 4 ENE,MT,47.022,-107.822,,,,,
,USC00243727,GRASS RANGE,MT,47.026,-108.803,,,,,
,USC00241557,CASCADE 20 SSE,MT,46.996,-111.577,,,,,
,USC00244241,HOLTER DAM,MT,46.991,-112.012,,,,,
,USC00248169,TERRY 21 NNW,MT,47.07,-105.495,,,,,
,USC00241875,COHAGEN,MT,47.056,-106.616,,,,,
,USW00024036,LEWISTOWN AP,MT,47.054,-109.457,,,,,
,USC00245761,MOCCASIN EXPERIMENT STN,MT,47.057,-109.951,,,,,
,USC00243581,GLENDIVE,MT,47.106,-104.718,,,,,
,USC00247864,STANFORD,MT,47.155,-110.224,,,,,
,USC00247159,ROGERS PASS 9 NNE,MT,47.19,-112.29,,,,,
,USW00024159,SUPERIOR,MT,47.193,-114.89,,,,,
,USC00241552,CASCADE 5 S,MT,47.219,-111.711,,,,,
,USC00247448,SEELEY LAKE RANGER STATION,MT,47.214,-113.52,,,,,
,USC00241169,BROCKWAY 3 WSW,MT,47.288,-105.83,,,,,
,USC00242347,DENTON,MT,47.318,-109.937,,,,,
,USC00246902,RAYNESFORD 2 NNW,MT,47.297,-110.746,,,,,
,USC00241758,CIRCLE,MT,47.412,-105.595,,,,,
,USC00245043,LINDBERGH LAKE,MT,47.408,-113.713,,,,,
,USC00247382,SAVAGE,MT,47.453,-104.338,,,,,
,USW00024143,GREAT FALLS AIRPORT,MT,47.473,-111.383,,,,,
,USC00248021,SUN RIVER 4 S,MT,47.477,-111.737,,,,,
,USC00240364,AUGUSTA,MT,47.493,-112.397,,,,,
,USC00247540,SHONKIN 7 S,MT,47.531,-110.577,,,,,
,USC00249033,WINIFRED,MT,47.56,-109.377,,,,,
,USC00242857,FAIRFIELD,MT,47.615,-111.986,,,,,
,USC00243489,GIBSON DAM,MT,47.601,-112.755,,,,,
,USC00248211,THOMPSON FALLS PH,MT,47.593,-115.359,,,,,
,USC00246635,POLSON,MT,47.675,-114.191,,,,,
,USC00246640,SKQ DAM,MT,47.678,-114.242,,,,,
,USC00247560,SIDNEY,MT,47.728,-104.147,,,,,
,USC00248569,VIDA 6 NE,MT,47.88,-105.369,,,,,
,USC00245340,MALTA 35 S,MT,47.842,-107.956,,,,,
,USC00243113,FORT BENTON,MT,47.83,-110.661,,,,,
,USC00241737,CHOTEAU,MT,47.821,-112.192,,,,,
,USC00240755,BIGFORK 13 S,MT,47.877,-114.034,,,,,
,USC00248380,TROUT CREEK RS,MT,47.866,-115.627,,,,,
,USC00249900,ZORTMAN,MT,47.919,-108.524,,,,,
,USC00245153,LOMA,MT,47.936,-110.502,,,,,
,USC00248087,SWAN LAKE,MT,47.916,-113.839,,,,,
,USC00241984,CONTENT 4 NNE,MT,48.08,-107.525,,,,,
,USC00245020,LIBBY 32 SSE,MT,47.958,-115.214,,,,,
,USC00243176,FORT PECK POWER PLANT,MT,48.012,-106.412,,,,,
,USC00244084,HERON 2 NW,MT,48.08,-116.001,,,,,
,USC00242122,CULBERTSON,MT,48.147,-104.517,,,,,
,USC00240770,BIG SANDY,MT,48.135,-110.064,,,,,
,USC00241974,CONRAD,MT,48.174,-111.95,,,,,
,USC00242104,CRESTON,MT,48.188,-114.134,,,,,
,USW00094008,GLASGOW INTERNATIONAL AP,MT,48.214,-106.621,,,,,
,USC00248501,VALIER,MT,48.312,-112.249,,,,,
,USC00244328,HUNGRY HORSE DAM,MT,48.343,-114.022,,,,,
,USC00245338,MALTA 7 E,MT,48.394,-107.728,,,,,
,USC00245015,LIBBY 1 NE RS,MT,48.404,-115.539,,,,,
,USC00245572,MEDICINE LAKE 3 SE,MT,48.483,-104.451,,,,,
,USC00247265,SACO 1 NNW,MT,48.466,-107.353,,,,,
,USC00248390,TROY,MT,48.481,-115.906,,,,,
,USC00241088,BREDETTE,MT,48.516,-105.299,,,,,
,USC00243110,FORT ASSINIBOINE,MT,48.498,-109.801,,,,,
,USC00241692,CHESTER,MT,48.509,-110.969,,,,,
,USC00241722,CHINOOK,MT,48.588,-109.227,,,,,
,USW00094012,HAVRE AP ASOS,MT,48.543,-109.764,,,,,
,USC00243530,GILDFORD,MT,48.565,-110.303,,,,,
,USC00244512,JOPLIN,MT,48.559,-110.772,,,,,
,USC00246218,OLNEY,MT,48.55,-114.574,,,,,
,USW00024137,CUT BANK AIRPORT,MT,48.604,-112.377,,,,,
,USC00246615,POLEBRIDGE,MT,48.765,-114.284,,,,,
,USC00248777,WESTBY,MT,48.874,-104.05,,,,,
,USC00242827,EUREKA RANGER STATION,MT,48.898,-115.064,,,,,
,USC00247620,SIMPSON 6 N - WILDHORSE,MT,48.998,-110.216,,,,,
,USC00243617,GOLDBUTTE 7 N,MT,48.975,-111.399,,,,,
,USC00246893,RAYMOND BORDER STATION,MT,48.998,-104.575,,,,,
,USC00246236,OPHEIM 10 N,MT,48.999,-106.38,,,,,
,USW00024138,DILLON AIRPORT,MT,45.258,-112.555,,,,,
,USW00024037,MILES CITY AIRPORT,MT,46.426,-105.883,,,,,
,USW00024150,LIVINGSTON AIRPORT,MT,45.698,-110.442,,,,,
,USC00244558,KALISPELL GLACIER AIRPORT,MT,48.304,-114.264,,,,,
,USW00024139,DRUMMOND AVIATION,MT,46.638,-113.176,,,,,
,USW00024121,ELKO REGIONAL AIRPORT,NV,40.824,-115.786,,,,,
,USW00023154,ELY AIRPORT,NV,39.295,-114.847,,,,,
,USC00267369,SEARCHLIGHT,NV,35.466,-114.922,,,,,
,USC00265890,PAHRUMP 4 NW,NV,36.261,-116.056,,,,,
,USC00268588,VALLEY OF FIRE STATE PARK,NV,36.43,-114.514,,,,,
,USC00262243,DESERT NATIONAL WILDLIFE REFUGE,NV,36.438,-115.36,,,,,
,USC00261358,CALIENTE,NV,37.613,-114.526,,,,,
,USC00262431,DYER 5S,NV,37.606,-118,,,,,
,USC00267463,SILVERPEAK,NV,37.762,-117.566,,,,,
,USW00023153,TONOPAH AIRPORT,NV,38.05,-117.091,,,,,
,USC00265168,MINA,NV,38.388,-118.109,,,,,
,USC00267908,SUNNYSIDE - LUND 31S,NV,38.423,-115.023,,,,,
,USC00267620,SMOKY VALLEY - CARVERS,NV,38.784,-117.174,,,,,
,USC00264745,LUND,NV,38.868,-115.017,,,,,
,USC00267612,SMITH 6 N,NV,38.882,-119.351,,,,,
,USC00265191,MINDEN,NV,38.955,-119.776,,,,,
,USC00263340,GREAT BASIN NATIONAL PARK,NV,39.005,-114.221,,,,,
,USC00269229,YERINGTON,NV,38.999,-119.157,,,,,
,USC00268822,WABUSKA 6 SE,NV,39.075,-119.119,,,,,
,USC00263205,GLENBROOK,NV,39.075,-119.941,,,,,
,USC00261485,CARSON CITY,NV,39.125,-119.768,,,,,
,USC00267175,RUTH,NV,39.276,-114.991,,,,,
,USC00264950,MCGILL,NV,39.414,-114.774,,,,,
,USW00093102,FALLON NAAS,NV,39.417,-118.717,,,,,
,USC00262780,FALLON EXPERIMENT STATION,NV,39.457,-118.781,,,,,
,USC00264349,LAHONTAN DAM,NV,39.469,-119.064,,,,,
,USC00262708,EUREKA,NV,39.517,-115.962,,,,,
,USC00260507,AUSTIN #2,NV,39.493,-117.067,,,,,
,USC00260800,BEOWAWE 49S - U OF N RANCH,NV,39.9,-116.588,,,,,
,USC00267953,SUTCLIFFE,NV,39.951,-119.599,,,,,
,USW00024172,LOVELOCK DERBY FIELD AP,NV,40.068,-118.57,,,,,
,USC00264698,LOVELOCK,NV,40.17,-118.478,,,,,
,USC00267123,RUBY LAKE NWR,NV,40.202,-115.493,,,,,
,USC00267192,RYE PATCH DAM,NV,40.466,-118.305,,,,,
,USC00260795,BEOWAWE,NV,40.59,-116.475,,,,,
,USC00263957,IMLAY,NV,40.656,-118.163,,,,,
,USC00260438,ARTHUR 4NW,NV,40.781,-115.185,,,,,
,USC00265352,MONTELLO 2NE,NV,41.278,-114.171,,,,,
,USC00268346,TUSCARORA,NV,41.314,-116.223,,,,,
,USC00264527,LEONARD CREEK RANCH - DENIO 33S,NV,41.517,-118.719,,,,,
,USC00263114,GIBBS RANCH - JARBIDGE 24SE,NV,41.57,-115.211,,,,,
,USC00265818,OROVADA 3 W,NV,41.568,-117.839,,,,,
,USC00264236,KINGS RIVER VALLEY - OROVADA 26NW,NV,41.744,-118.226,,,,,
,USC00262229,DENIO,NV,41.99,-118.633,,,,,
,USC00264935,MCDERMITT,NV,41.993,-117.717,,,,,
,USW00024128,WINNEMUCCA AIRPORT,NV,40.902,-117.808,,,,,
,USW00024119,BATTLE MOUNTAIN 4SE,NV,40.612,-116.892,,,,,
,USW00023081,GALLUP MUNICIPAL AP,NM,35.509,-108.793,,,,,
,USC00293775,HACHITA 1W,NM,31.919,-108.344,,,,,
,USC00290417,ANIMAS 3ESE,NM,31.938,-108.769,,,,,
,USC00294346,JAL,NM,32.111,-103.187,,,,,
,USC00291480,CARLSBAD CAVERNS,NM,32.178,-104.443,,,,,
,USC00295079,LORDSBURG 4 SE,NM,32.309,-108.653,,,,,
,USC00291469,CARLSBAD,NM,32.348,-104.222,,,,,
,USC00293157,FAYWOOD,NM,32.629,-107.873,,,,,
,USC00299691,WHITE SIGNAL,NM,32.562,-108.361,,,,,
,USC00294426,JORNADA EXP RANGE,NM,32.616,-106.74,,,,,
,USC00297340,REDROCK1 NNE,NM,32.705,-108.728,,,,,
,USC00290600,ARTESIA 6S,NM,32.755,-104.383,,,,,
,USC00299686,WHITE SANDS NATL MON,NM,32.782,-106.176,,,,,
,USC00294112,HOPE,NM,32.81,-104.738,,,,,
,USC00291910,CLIFF 11 SE,NM,32.834,-108.505,,,,,
,USC00292865,ELK,NM,32.916,-105.338,,,,,
,USC00294009,HILLSBORO,NM,32.92,-107.566,,,,,
,USC00295960,MOUNTAIN PARK,NM,32.954,-105.823,,,,,
,USC00299165,TULAROSA,NM,33.072,-106.041,,,,,
,USC00293530,GILA HOT SPRINGS,NM,33.197,-108.207,,,,,
,USC00298713,TATUM,NM,33.242,-103.361,,,,,
,USW00023009,ROSWELL INDUSTRIAL AIR PARK,NM,33.307,-104.508,,,,,
,USC00293577,GLENWOOD,NM,33.322,-108.879,,,,,
,USC00299806,WINSTON,NM,33.35,-107.649,,,,,
,USC00290992,BITTER LAKES WL REFUGE,NM,33.459,-104.404,,,,,
,USC00291138,BOSQUE DEL APACHE,NM,33.804,-106.891,,,,,
,USC00295273,LUNA RS,NM,33.822,-108.942,,,,,
,USC00290983,BINGHAM 2 NE,NM,33.911,-106.349,,,,,
,USC00290640,AUGUSTINE 2E,NM,34.075,-107.621,,,,,
,USC00298387,SOCORRO,NM,34.061,-106.884,,,,,
,USC00297008,PORTALES,NM,34.174,-103.352,,,,,
,USC00293649,GRAN QUIVIRA NATL MON,NM,34.259,-106.093,,,,,
,USC00297180,QUEMADO,NM,34.345,-108.492,,,,,
,USC00295617,MELROSE,NM,34.428,-103.625,,,,,
,USC00299851,YESO 2 S,NM,34.403,-104.613,,,,,
,USC00293294,FORT SUMNER,NM,34.467,-104.232,,,,,
,USC00295965,MOUNTAINAIR,NM,34.521,-106.26,,,,,
,USC00291963,CLOVIS 13 N,NM,34.599,-103.216,,,,,
,USC00298596,SUMNER LAKE,NM,34.603,-104.381,,,,,
,USC00296687,PEDERNAL 9 E,NM,34.615,-105.474,,,,,
,USC00295150,LOS LUNAS 3 SSW,NM,34.767,-106.761,,,,,
,USC00297226,RAGLAND 3 SSW,NM,34.78,-103.749,,,,,
,USC00297867,SAN JON,NM,35.109,-103.328,,,,,
,USC00292785,EL MORRO NATL MON,NM,35.038,-108.349,,,,,
,USC00292510,DILIA,NM,35.184,-105.057,,,,,
,USC00298518,STANLEY 2 NNE,NM,35.177,-105.944,,,,,
,USC00299156,TUCUMCARI 4 NE,NM,35.2,-103.687,,,,,
,USC00295084,LOS ALAMOS,NM,35.864,-106.321,,,,,
,USC00295560,MCGAFFEY 5 SE,NM,35.336,-108.445,,,,,
,USC00296676,PECOS NATIONAL MONUMENT,NM,35.549,-105.689,,,,,
,USW00023054,LAS VEGAS MUNICIPAL AP,NM,35.656,-105.139,,,,,
,USC00298085,SANTA FE 2,NM,35.619,-105.975,,,,,
,USC00295937,MOSQUERO 1 NE,NM,35.802,-103.944,,,,,
,USC00299330,VALMORA,NM,35.817,-104.924,,,,,
,USC00299031,TORREON NAVAJO MISSION,NM,35.799,-107.181,,,,,
,USC00290377,AMISTAD 5 SSW,NM,35.874,-103.182,,,,,
,USC00293488,GASCON,NM,35.892,-105.448,,,,,
,USC00297638,ROY,NM,35.933,-104.138,,,,,
,USC00291647,CHACO CANYON NATL MON,NM,36.029,-107.911,,,,,
,USC00290245,ALCALDE,NM,36.091,-106.057,,,,,
,USC00296275,OCATE 2 NW,NM,36.184,-105.061,,,,,
,USC00290041,ABIQUIU DAM,NM,36.24,-106.428,,,,,
,USC00296619,PASAMONTE,NM,36.299,-103.741,,,,,
,USC00292820,EL RITO,NM,36.347,-106.188,,,,,
,USC00294960,LINDRITH 1 WSW,NM,36.304,-107.054,,,,,
,USC00296465,OTIS,NM,36.334,-107.841,,,,,
,USW00023051,CLAYTON MUNICIPAL AIR PARK,NM,36.448,-103.154,,,,,
,USC00295490,MAXWELL 3 NW,NM,36.57,-104.587,,,,,
,USC00291813,CIMARRON 4 SW,NM,36.466,-104.946,,,,,
,USC00292700,EAGLE NEST,NM,36.557,-105.263,,,,,
,USC00293706,GRENVILLE,NM,36.594,-103.619,,,,,
,USC00298845,TIERRA AMARILLA 4 N,NM,36.766,-106.554,,,,,
,USC00292837,EL VADO DAM,NM,36.593,-106.73,,,,,
,USC00291063,BLOOMFIELD 3 SE,NM,36.667,-107.96,,,,,
,USC00297323,RED RIVER,NM,36.71,-105.416,,,,,
,USC00291630,CERRO,NM,36.741,-105.596,,,,,
,USC00290692,AZTEC RUINS NATL MONUMENT,NM,36.835,-108.001,,,,,
,USC00297279,RATON FILTER PLANT,NM,36.919,-104.433,,,,,
,USC00291664,CHAMA,NM,36.918,-106.578,,,,,
,USC00294742,LAKE MALOYA,NM,36.983,-104.375,,,,,
,USC00292608,DULCE,NM,36.936,-107,,,,,
,USC00297649,RUIDOSO,NM,33.368,-105.661,,,,,
,USW00093033,CAVERN CITY AIRPORT,NM,32.334,-104.258,,,,,
,USW00093045,TRUTH OR CONSEQUENCES MUNICIPAL AP,NM,33.237,-107.268,,,,,
,USW00093044,ZUNI,NM,35.071,-108.839,,,,,
,USW00094236,KLAMATH FALLS AG STA,OR,42.164,-121.755,,,,,
,USC00350304,ASHLAND,OR,42.213,-122.715,,,,,
,USC00353445,GRANTS PASS,OR,42.424,-123.322,,,,,
,USC00353356,GOLD BEACH RS,OR,42.402,-124.421,,,,,
,USC00353692,HART MOUNTAIN REFUGE,OR,42.549,-119.656,,,,,
,USC00355055,LOST CREEK DAM,OR,42.671,-122.677,,,,,
,USC00356426,PAISLEY,OR,42.692,-120.54,,,,,
,USC00356907,PROSPECT 2 SW,OR,42.733,-122.516,,,,,
,USC00357310,ROME 2 NW,OR,42.859,-117.657,,,,,
,USC00351946,CRATER LAKE NPS HQ,OR,42.898,-122.134,,,,,
,USC00357169,RIDDLE,OR,42.951,-123.357,,,,,
,USC00357817,SILVER LAKE RS,OR,43.125,-121.062,,,,,
,USC00351836,COQUILLE CITY,OR,43.175,-124.194,,,,,
,USC00350471,BANDON 2 NNE,OR,43.15,-124.4,,,,,
,USC00351546,CHEMULT,OR,43.229,-121.789,,,,,
,USC00357331,ROSEBURG,OR,43.214,-123.326,,,,,
,USC00358536,TOKETEE FALLS,OR,43.275,-122.45,,,,,
,USC00357277,ROCKVILLE 5 N,OR,43.364,-117.114,,,,,
,USC00354126,IDLEYLD PARK 4 NE,OR,43.371,-122.965,,,,,
,USW00024284,NORTH BEND SOUTHWEST OREGON REGIONAL AP,OR,43.413,-124.244,,,,,
,USC00358029,SQUAW BUTTE-NORTHERN GREAT BASIN EXP RANGE,OR,43.487,-119.721,,,,,
,USW00094185,BURNS MUNICIPAL AIRPORT,OR,43.595,-118.958,,,,,
,USC00356405,OWYHEE DAM,OR,43.65,-117.247,,,,,
,USC00359316,WICKIUP DAM,OR,43.682,-121.687,,,,,
,USC00352406,DRAIN,OR,43.659,-123.325,,,,,
,USC00356213,OAKRIDGE FISH HATCHERY,OR,43.743,-122.444,,,,,
,USC00352374,DORENA,OR,43.782,-122.963,,,,,
,USC00351897,COTTAGE GROVE 2E,OR,43.792,-123.028,,,,,
,USC00352415,DREWSEY,OR,43.808,-118.378,,,,,
,USC00356179,NYSSA,OR,43.876,-116.99,,,,,
,USC00353995,HONEYMAN STATE PARK,OR,43.928,-124.107,,,,,
,USC00355050,LOOKOUT POINT DAM,OR,43.914,-122.76,,,,,
,USC00355160,MALHEUR BRANCH EXPERIMENT STATION,OR,43.979,-117.025,,,,,
,USC00350501,BARNES STATION,OR,43.945,-120.221,,,,,
,USC00354811,LEABURG 1 SW,OR,44.101,-122.689,,,,,
,USC00352867,FERN RIDGE-VENETA,OR,44.049,-123.37,,,,,
,USC00357675,SENECA,OR,44.138,-118.975,,,,,
,USC00355362,MCKENZIE RIVER RS,OR,44.179,-122.116,,,,,
,USW00024230,REDMOND AIRPORT,OR,44.256,-121.141,,,,,
,USC00357857,SISTERS,OR,44.284,-121.549,,,,,
,USC00350652,BELKNAP SPRINGS 8 N,OR,44.287,-122.039,,,,,
,USC00356883,PRINEVILLE,OR,44.3,-120.841,,,,,
,USC00354291,JOHN DAY,OR,44.423,-118.959,,,,,
,USC00353047,FOSTER DAM,OR,44.414,-122.673,,,,,
,USC00353542,GRIZZLY,OR,44.518,-120.94,,,,,
,USC00351877,CORVALLIS WATER BUREAU,OR,44.508,-123.457,,,,,
,USC00355139,MADRAS,OR,44.624,-121.11,,,,,
,USC00355221,MARION FORKS FISH HATCHERY,OR,44.612,-121.949,,,,,
,USC00354606,LACOMB 3 NNE,OR,44.625,-122.719,,,,,
,USC00351862,CORVALLIS STATE UNIVERSITY,OR,44.634,-123.19,,,,,
,USC00355020,LONG CREEK,OR,44.714,-119.102,,,,,
,USC00356532,PELTON DAM,OR,44.725,-121.246,,,,,
,USC00352292,DETROIT DAM,OR,44.724,-122.255,,,,,
,USC00358095,STAYTON,OR,44.789,-122.815,,,,,
,USW00024130,BAKER CITY AIRPORT,OR,44.843,-117.81,,,,,
,USC00353604,HALFWAY,OR,44.877,-117.109,,,,,
,USC00357809,SILVER CREEK FALLS,OR,44.873,-122.649,,,,,
,USC00350197,ANTELOPE 6 SSW,OR,44.82,-120.753,,,,,
,USC00352112,DALLAS 2 NE,OR,44.946,-123.291,,,,,
,USC00353038,FOSSIL,OR,44.998,-120.218,,,,,
,USC00357823,SILVERTON,OR,45.006,-122.774,,,,,
,USC00356366,OTIS 2 NE,OR,45.033,-123.924,,,,,
,USC00358466,THREE LYNX,OR,45.122,-122.07,,,,,
,USC00351765,CONDON,OR,45.241,-120.179,,,,,
,USC00351682,CLOVERDALE,OR,45.205,-123.892,,,,,
,USC00352693,ESTACADA 2 SE,OR,45.27,-122.317,,,,,
,USC00354622,LA GRANDE,OR,45.317,-118.075,,,,,
,USC00353402,GOVERNMENT CAMP,OR,45.301,-121.743,,,,,
,USC00353827,HEPPNER,OR,45.365,-119.564,,,,,
,USC00356334,OREGON CITY,OR,45.356,-122.605,,,,,
,USC00356634,PILOT ROCK 1 SE,OR,45.476,-118.825,,,,,
,USC00355734,MORO,OR,45.483,-120.724,,,,,
,USC00352440,DUFUR,OR,45.454,-121.13,,,,,
,USC00353770,HEADWORKS PORTLAND WTR B,OR,45.449,-122.155,,,,,
,USC00358494,TILLAMOOK,OR,45.454,-123.852,,,,,
,USC00358997,WALLOWA,OR,45.573,-117.531,,,,,
,USC00350897,BONNEVILLE DAM,OR,45.635,-121.952,,,,,
,USC00354003,HOOD RIVER EXPERIMENT STN,OR,45.685,-121.517,,,,,
,USC00356540,PENDLETON BRANCH EXP STA,OR,45.721,-118.626,,,,,
,USC00350265,ARLINGTON,OR,45.721,-120.206,,,,,
,USC00350858,BOARDMAN,OR,45.847,-119.693,,,,,
,USC00358884,VERNONIA NO. 2,OR,45.865,-123.19,,,,,
,USC00355593,MILTON FREEWATER,OR,45.943,-118.409,,,,,
,USC00351643,CLATSKANIE,OR,46.108,-123.206,,,,,
,USW00024229,PORTLAND INTL AIRPORT,OR,45.596,-122.609,,,,,
,USW00094224,ASTORIA AIRPORT (PORT OF),OR,46.157,-123.883,,,,,
,USW00024155,PENDLETON E OR RGNL AP,OR,45.697,-118.834,,,,,
,USC00356784,PORT ORFORD NO 2,OR,42.751,-124.502,,,,,
,USC00429111,VERNAL,UT,40.44,-109.535,,,,,
,USC00420688,BIG WATER,UT,37.077,-111.664,,,,,
,USC00424508,KANAB,UT,37.029,-112.536,,,,,
,USC00425582,MEXICAN HAT,UT,37.15,-109.868,,,,,
,USC00429717,ZION NATIONAL PARK,UT,37.209,-112.981,,,,,
,USC00424968,LA VERKIN,UT,37.201,-113.269,,,,,
,USC00420788,BLUFF,UT,37.282,-109.558,,,,,
,USC00426534,ORDERVILLE,UT,37.272,-112.639,,,,,
,USC00424100,HOVENWEEP NATIONAL MONUMENT,UT,37.386,-109.075,,,,,
,USC00429136,VEYO POWERHOUSE,UT,37.352,-113.667,,,,,
,USC00420086,ALTON,UT,37.44,-112.482,,,,,
,USC00426181,NEW HARMONY,UT,37.464,-113.29,,,,,
,USC00421020,BULLFROG BASIN,UT,37.527,-110.717,,,,,
,USC00420738,BLANDING,UT,37.613,-109.485,,,,,
,USC00426053,NATURAL BRIDGES N.M.,UT,37.609,-109.977,,,,,
,USC00421008,BRYCE CANYON NP HQRS,UT,37.641,-112.17,,,,,
,USW00093129,CEDAR CITY AP,UT,37.707,-113.097,,,,,
,USC00422592,ESCALANTE,UT,37.769,-111.598,,,,,
,USC00426601,PANGUITCH,UT,37.825,-112.431,,,,,
,USC00420849,BOULDER,UT,37.905,-111.42,,,,,
,USC00421168,CANYONLANDS-THE NEEDLES,UT,38.168,-109.76,,,,,
,USC00421171,CAPITOL REEF NATIONAL PARK,UT,38.291,-111.262,,,,,
,USC00425148,LOA,UT,38.406,-111.642,,,,,
,USC00421163,CANYONLANDS-THE NECK,UT,38.46,-109.821,,,,,
,USC00425477,MARYSVALE,UT,38.449,-112.224,,,,,
,USC00425733,MOAB,UT,38.574,-109.546,,,,,
,USC00420730,BLACK ROCK,UT,38.708,-112.954,,,,,
,USC00427260,RICHFIELD RADIO KSVC,UT,38.762,-112.078,,,,,
,USC00422828,FILLMORE,UT,38.96,-112.324,,,,,
,USC00422798,FERRON,UT,39.088,-111.149,,,,,
,USC00422607,ESKDALE,UT,39.108,-113.953,,,,,
,USC00421214,CASTLE DALE,UT,39.208,-111.013,,,,,
,USC00425402,MANTI,UT,39.258,-111.631,,,,,
,USC00427714,SCIPIO,UT,39.245,-112.107,,,,,
,USC00422101,DESERET,UT,39.288,-112.651,,,,,
,USC00422578,EPHRAIM,UT,39.358,-111.599,,,,,
,USC00426357,OAK CITY,UT,39.371,-112.332,,,,,
,USC00425837,MORONI,UT,39.527,-111.587,,,,,
,USC00425065,LEVAN,UT,39.561,-111.865,,,,,
,USC00426708,PARTOUN,UT,39.631,-113.886,,,,,
,USC00426135,NEPHI,UT,39.712,-111.832,,,,,
,USC00422852,FISH SPRINGS NWR,UT,39.84,-113.398,,,,,
,USC00421144,CALLAO,UT,39.9,-113.713,,,,,
,USC00427686,SANTAQUIN CHLORINATOR,UT,39.958,-111.779,,,,,
,USC00424174,IBAPAH,UT,40.015,-114.011,,,,,
,USC00428119,SPANISH FORK POWER HOUSE,UT,40.08,-111.605,,,,,
,USC00429133,VERNON,UT,40.096,-112.436,,,,,
,USC00426568,OURAY 4NE,UT,40.135,-109.644,,,,,
,USC00422253,DUCHESNE,UT,40.17,-110.398,,,,,
,USC00422257,DUGWAY,UT,40.184,-112.922,,,,,
,USC00425969,MYTON,UT,40.194,-110.061,,,,,
,USC00422996,FORT DUCHESNE,UT,40.284,-109.861,,,,,
,USC00422696,FAIRFIELD,UT,40.262,-112.09,,,,,
,USC00424362,JOHNSON PASS,UT,40.337,-112.611,,,,,
,USC00424342,JENSEN,UT,40.364,-109.346,,,,,
,USC00422173,DINOSAUR NM-QUARRY AREA,UT,40.438,-109.307,,,,,
,USC00426123,NEOLA,UT,40.418,-110.051,,,,,
,USC00422057,DEER CREEK DAM,UT,40.404,-111.529,,,,,
,USC00428771,TOOELE,UT,40.535,-112.322,,,,,
,USC00427909,SNAKE CREEK POWERHOUSE,UT,40.545,-111.504,,,,,
,USC00427846,SILVER LAKE BRIGHTON,UT,40.601,-111.584,,,,,
,USC00420072,ALTA,UT,40.591,-111.637,,,,,
,USC00424467,KAMAS,UT,40.644,-111.282,,,,,
,USW00024193,WENDOVER USAF AUXILIARY FIELD,UT,40.721,-114.036,,,,,
,USC00429165,WANSHIP DAM,UT,40.791,-111.408,,,,,
,USC00425892,MOUNTAIN DELL DAM,UT,40.749,-111.723,,,,,
,USC00422864,FLAMING GORGE,UT,40.929,-109.396,,,,,
,USC00422385,ECHO DAM,UT,40.966,-111.434,,,,,
,USC00425377,MANILA,UT,40.99,-109.726,,,,,
,USC00425826,MORGAN,UT,41.037,-111.671,,,,,
,USC00429595,WOODRUFF,UT,41.515,-111.159,,,,,
,USC00425194,LOGAN 5 SW EXP FARM,UT,41.666,-111.891,,,,,
,USC00425186,LOGAN UTAH ST U,UT,41.746,-111.803,,,,,
,USC00425182,LOGAN RADIO KVNU,UT,41.735,-111.856,,,,,
,USC00424856,LAKETOWN,UT,41.825,-111.321,,,,,
,USC00427271,RICHMOND,UT,41.906,-111.81,,,,,
,USW00023170,HANKSVILLE,UT,38.375,-110.719,,,,,
,USC00420074,ALTAMONT,UT,40.367,-110.299,,,,,
,USC00421308,CEDAR POINT,UT,37.716,-109.083,,,,,
,USW00023162,DELTA,UT,39.337,-112.586,,,,,
,USW00024141,EPHRATA AIRPORT,WA,47.308,-119.516,,,,,
,USW00024219,DALLESPORT AIRPORT,WA,45.619,-121.166,,,,,
,USC00457696,SKAMANIA FISH HATCHERY,WA,45.622,-122.218,,,,,
,USC00450482,BATTLE GROUND,WA,45.772,-122.529,,,,,
,USC00457342,SATUS PASS 2 SSW,WA,45.948,-120.667,,,,,
,USC00450668,BICKLETON,WA,45.998,-120.301,,,,,
,USC00455659,MOUNT ADAMS RS,WA,46,-121.54,,,,,
,USC00459200,WHITMAN MISSION,WA,46.044,-118.463,,,,,
,USC00451760,COUGAR 6 E,WA,46.062,-122.204,,,,,
,USW00024160,WALLA WALLA REGIONAL AP,WA,46.095,-118.286,,,,,
,USC00454769,LONGVIEW,WA,46.137,-122.978,,,,,
,USC00456768,PROSSER,WA,46.201,-119.758,,,,,
,USC00452030,DAYTON 1 WSW,WA,46.315,-118.002,,,,,
,USC00457015,RICHLAND,WA,46.312,-119.263,,,,,
,USC00458207,SUNNYSIDE,WA,46.324,-120.01,,,,,
,USC00454748,LONG BEACH EXPERIMENT STA,WA,46.367,-124.038,,,,,
,USC00458959,WAPATO,WA,46.435,-120.42,,,,,
,USC00455688,MOXEE CITY 10 E,WA,46.505,-120.168,,,,,
,USC00456262,PACKWOOD,WA,46.609,-121.674,,,,,
,USC00451276,CENTRALIA,WA,46.72,-122.953,,,,,
,USC00456789,PULLMAN 2 NW,WA,46.76,-117.186,,,,,
,USC00453546,HATTON 9 SE,WA,46.722,-118.653,,,,,
,USC00456898,RAINIER PARADISE RS,WA,46.786,-121.743,,,,,
,USC00454764,LONGMIRE RAINIER NPS,WA,46.749,-121.812,,,,,
,USC00454338,LACROSSE,WA,46.817,-117.883,,,,,
,USC00452505,ELLENSBURG,WA,46.969,-120.54,,,,,
,USC00450008,ABERDEEN,WA,46.966,-123.829,,,,,
,USW00094225,HOQUIAM BOWERMAN AP,WA,46.973,-123.931,,,,,
,USC00454679,LIND 3 NE,WA,47.002,-118.566,,,,,
,USC00452531,ELMA,WA,47.009,-123.401,,,,,
,USC00457267,ST. JOHN,WA,47.093,-117.588,,,,,
,USC00457059,RITZVILLE 1 SSE,WA,47.117,-118.371,,,,,
,USC00455224,MCMILLIN RESERVOIR,WA,47.136,-122.256,,,,,
,USC00451504,CLE ELUM,WA,47.189,-120.913,,,,,
,USC00455704,MUD MOUNTAIN DAM,WA,47.141,-121.936,,,,,
,USC00450945,BUCKLEY 1 NE,WA,47.169,-122.004,,,,,
,USC00457180,ROSALIA,WA,47.234,-117.364,,,,,
,USW00024237,STAMPEDE PASS,WA,47.277,-121.337,,,,,
,USC00456039,ODESSA,WA,47.333,-118.696,,,,,
,USC00456295,PALMER 3 ESE,WA,47.309,-121.856,,,,,
,USC00454486,LANDSBURG,WA,47.377,-121.961,,,,,
,USC00451939,CUSHMAN POWERHOUSE #2,WA,47.37,-123.16,,,,,
,USW00094239,WENATCHEE PANGBORN MEMORIAL AP,WA,47.397,-120.201,,,,,
,USC00459074,WENATCHEE,WA,47.429,-120.31,,,,,
,USC00451233,CEDAR LAKE,WA,47.414,-121.756,,,,,
,USC00453515,HARRINGTON,WA,47.483,-118.252,,,,,
,USC00450872,BREMERTON,WA,47.569,-122.683,,,,,
,USC00451496,CLEARWATER,WA,47.571,-124.292,,,,,
,USC00452007,DAVENPORT,WA,47.664,-118.161,,,,,
,USC00459012,WATERVILLE,WA,47.65,-120.08,,,,,
,USC00459238,WILBUR,WA,47.768,-118.724,,,,,
,USC00456534,PLAIN,WA,47.758,-120.659,,,,,
,USC00450456,BARING,WA,47.772,-121.483,,,,,
,USC00451350,CHELAN,WA,47.834,-120,,,,,
,USC00458034,STARTUP 1 E,WA,47.867,-121.718,,,,,
,USC00455525,MONROE,WA,47.845,-121.994,,,,,
,USC00451767,COULEE DAM 1 SW,WA,47.954,-119,,,,,
,USC00452914,FORKS 1 E,WA,47.956,-124.354,,,,,
,USW00094240,QUILLAYUTE AP,WA,47.937,-124.558,,,,,
,USC00452548,ELWHA R S,WA,48.016,-123.591,,,,,
,USC00455326,METHOW 2 S,WA,48.107,-120.008,,,,,
,USC00455844,NEWPORT,WA,48.184,-117.048,,,,,
,USC00451395,CHEWELAH,WA,48.273,-117.741,,,,,
,USC00453730,HOLDEN VILLAGE,WA,48.199,-120.773,,,,,
,USC00451783,COUPEVILLE 1 S,WA,48.207,-122.691,,,,,
,USC00451992,DARRINGTON RANGER STATION,WA,48.261,-121.603,,,,,
,USC00458059,STEHEKIN 4 NW,WA,48.351,-120.726,,,,,
,USW00024255,WHIDBEY ISLAND NAS,WA,48.35,-122.667,,,,,
,USC00459376,WINTHROP 1 WSW,WA,48.474,-120.189,,,,,
,USC00457507,SEDRO-WOOLLEY,WA,48.496,-122.236,,,,,
,USC00451679,CONCRETE PPL FISH STATION,WA,48.54,-121.742,,,,,
,USC00455133,MAZAMA,WA,48.601,-120.428,,,,,
,USC00456096,OLGA 2 SE,WA,48.612,-122.806,,,,,
,USC00456974,REPUBLIC,WA,48.646,-118.737,,,,,
,USC00458715,UPPER BAKER DAM,WA,48.652,-121.693,,,,,
,USC00457185,ROSS DAM,WA,48.727,-121.072,,,,,
,USC00452157,DIABLO DAM,WA,48.714,-121.143,,,,,
,USC00455946,NORTHPORT,WA,48.899,-117.829,,,,,
,USC00450844,BOUNDARY DAM,WA,48.994,-117.354,,,,,
,USC00451484,CLEARBROOK,WA,48.967,-122.329,,,,,
,USC00450729,BLAINE,WA,48.995,-122.762,,,,,
,USW00024227,OLYMPIA AP,WA,46.974,-122.905,,,,,
,USW00024021,LANDER AIRPORT,WY,42.815,-108.726,,,,,
,USW00024018,CHEYENNE WSFO AP,WY,41.158,-104.808,,,,,
,USC00486555,MOUNTAIN VIEW,WY,41.266,-110.337,,,,,
,USC00483100,EVANSTON 1 E,WY,41.262,-110.945,,,,,
,USC00485435,LARAMIE 2 NW,WY,41.34,-105.606,,,,,
,USW00024022,LARAMIE AP,WY,41.316,-105.673,,,,,
,USC00481736,CHURCH BUTTES GAS PLANT,WY,41.397,-110.088,,,,,
,USC00484065,GREEN RIVER,WY,41.517,-109.47,,,,,
,USC00480761,BITTER CREEK 4 NE,WY,41.59,-108.509,,,,,
,USC00487200,PHILLIPS,WY,41.626,-104.494,,,,,
,USC00482995,ELK MOUNTAIN,WY,41.688,-106.414,,,,,
,USC00489459,WAMSUTTER,WY,41.672,-107.978,,,,,
,USC00481730,CHUGWATER,WY,41.759,-104.822,,,,,
,USC00488808,SYBILLE RESEARCH UNIT,WY,41.764,-105.375,,,,,
,USW00024057,RAWLINS AP,WY,41.806,-107.195,,,,,
,USC00486120,MEDICINE BOW,WY,41.897,-106.206,,,,,
,USC00489615,WHEATLAND 4 N,WY,42.111,-104.949,,,,,
,USC00480552,BATES CREEK NO 2,WY,42.623,-106.357,,,,,
,USC00480027,AFTON,WY,42.733,-110.922,,,,,
,USC00487260,PINEDALE,WY,42.875,-109.862,,,,,
,USC00487760,RIVERTON,WY,43.031,-108.374,,,,,
,USC00480865,BONDURANT,WY,43.209,-110.403,,,,,
,USC00487555,REDBIRD,WY,43.245,-104.288,,,,,
,USC00487115,PAVILLION,WY,43.246,-108.694,,,,,
,USC00481284,BURRIS,WY,43.366,-109.275,,,,,
,USC00482725,DULL CENTER 1SE,WY,43.412,-104.961,,,,,
,USC00486195,MIDWEST,WY,43.413,-106.277,,,,,
,USC00481000,BOYSEN DAM,WY,43.405,-108.163,,,,,
,USC00484910,JACKSON,WY,43.486,-110.762,,,,,
,USC00482715,DUBOIS,WY,43.54,-109.655,,,,,
,USC00480778,BLACK MOUNTAIN,WY,43.656,-107.737,,,,,
,USC00486428,MOOSE,WY,43.654,-110.717,,,,,
,USC00485055,KAYCEE,WY,43.714,-106.638,,,,,
,USC00488858,TENSLEEP 16SSE,WY,43.809,-107.362,,,,,
,USC00480140,ALTA 1 NNW,WY,43.773,-111.034,,,,,
,USC00486660,NEWCASTLE,WY,43.85,-104.189,,,,,
,USC00486440,MORAN 5WNW,WY,43.857,-110.589,,,,,
,USW00024062,WORLAND MUNICIPAL AP,WY,43.965,-107.95,,,,,
,USC00489770,WORLAND,WY,44.011,-107.968,,,,,
,USC00488852,TENSLEEP 4NE,WY,44.065,-107.382,,,,,
,USC00488758,SUNSHINE 3NE,WY,44.076,-108.955,,,,,
,USC00489205,UPTON,WY,44.093,-104.611,,,,,
,USC00482580,DILLINGER,WY,44.099,-105.118,,,,,
,USC00480740,BILLY CREEK,WY,44.124,-106.732,,,,,
,USC00488315,SNAKE RIVER,WY,44.136,-110.666,,,,,
,USC00483855,GILLETTE 4SE,WY,44.267,-105.449,,,,,
,USC00481165,BUFFALO,WY,44.347,-106.693,,,,,
,USC00480540,BASIN,WY,44.38,-108.035,,,,,
,USC00488705,SUNDANCE,WY,44.412,-104.357,,,,,
,USC00481850,CODY 12SE,WY,44.414,-108.901,,,,,
,USC00488124,SHELL,WY,44.535,-107.777,,,,,
,USC00483031,EMBLEM,WY,44.497,-108.391,,,,,
,USC00482466,DEVILS TOWER NO 2,WY,44.583,-104.715,,,,,
,USC00481816,CLEARMONT 5 SW,WY,44.578,-106.447,,,,,
,USC00485345,LAKE YELLOWSTONE,WY,44.562,-110.399,,,,,
,USC00489580,WESTON 1 E,WY,44.64,-105.301,,,,,
,USW00024029,SHERIDAN AIRPORT,WY,44.76,-106.974,,,,,
,USC00481220,BURGESS JUNCTION,WY,44.774,-107.522,,,,,
,USC00488160,SHERIDAN FIELD STATION,WY,44.84,-106.838,,,,,
,USC00485770,LOVELL,WY,44.838,-108.404,,,,,
,USC00485506,LEITER 9N,WY,44.85,-106.289,,,,,
,USC00482415,DEAVER,WY,44.892,-108.593,,,,,
,USC00489025,TOWER FALLS,WY,44.917,-110.42,,,,,
,USC00481775,CLARK 3NE,WY,44.937,-109.137,,,,,
,USC00489905,YELLOWSTONE PARK MAMMOTH,WY,44.977,-110.696,,,,,
,USC00481840,CODY,WY,44.502,-109.111,,,,,
,USW00024089,CASPER-NATRONA COUNTY AP,WY,42.898,-106.474,,,,,
,USW00024027,ROCK SPRINGS AP,WY,41.595,-109.053,,,,,
,USW00024131,BOISE AIR TERMINAL,ID,43.567,-116.241,,,,,
,USC00045532,MERCED,CA,37.289,-120.516,,,,,
,USW00023258,MODESTO AP,CA,37.625,-120.955,,,,,
,USC00046074,NAPA STATE HOSPITAL,CA,38.278,-122.265,,,,,
,USW00093111,POINT MUGU NF,CA,34.124,-119.123,,,,,
,USC00046624,PALMDALE,CA,34.588,-118.094,,,,,
,USC00042805,ELSINORE,CA,33.686,-117.346,,,,,
,USC00044997,LIVERMORE,CA,37.682,-121.751,,,,,
,USC00049621,WHISKEYTOWN RESERVOIR,CA,40.612,-122.528,,,,,
,USC00047339,REDWOOD CITY,CA,37.477,-122.239,,,,,
,USC00047414,RICHMOND,CA,37.919,-122.377,,,,,
,USW00023233,SALINAS AP,CA,36.664,-121.609,,,,,
,USC00047306,REDLANDS,CA,34.037,-117.195,,,,,
,USW00023188,SAN DIEGO INTERNATIONAL AP,CA,32.734,-117.183,,,,,
,USW00023272,SAN FRANCISCO DOWNTOWN,CA,37.77,-122.427,,,,,
,USC00045123,LOS GATOS,CA,37.232,-121.959,,,,,
,USW00023234,SAN FRANCISCO INTERNATIONAL AP,CA,37.62,-122.366,,,,,
,USC00045915,MOUNT DIABLO JUNCTION,CA,37.879,-121.93,,,,,
,USC00047902,SANTA BARBARA,CA,34.417,-119.684,,,,,
,USW00023273,SANTA MARIA PUBLIC AP,CA,34.894,-120.452,,,,,
,USC00049152,U C L A,CA,34.07,-118.443,,,,,
,USC00047965,SANTA ROSA,CA,38.456,-122.713,,,,,
,USC00049785,WOODLAND HILLS PIERCE COLLEGE,CA,34.182,-118.574,,,,,
,USW00093134,LOS ANGELES DOWNTOWN/USC,CA,34.024,-118.291,,,,,
,USW00023237,STOCKTON AP,CA,37.89,-121.226,,,,,
,USW00023244,MOFFETT FEDERAL AIRFIELD,CA,37.406,-122.048,,,,,
,USC00048999,TRACY CARBONA,CA,37.682,-121.347,,,,,
,USC00049378,VISTA,CA,33.235,-117.232,,,,,
,USC00050848,BOULDER,CO,39.992,-105.267,,,,,
,USW00093037,COLORADO SPRINGS MUNICIPAL AP,CO,38.809,-104.689,,,,,
,USC00053005,FORT COLLINS,CO,40.576,-105.086,,,,,
,USC00053553,GREELEY UNC,CO,40.402,-104.699,,,,,
,USC00054452,KASSLER,CO,39.49,-105.095,,,,,
,USC00058839,WATERDALE,CO,40.426,-105.21,,,,,
,USW00093058,PUEBLO MEMORIAL AIRPORT,CO,38.289,-104.506,,,,,
,USW00023062,DENVER-CENTRAL PARK,CO,39.767,-104.869,,,,,
,USC00054762,LAKEWOOD,CO,39.749,-105.121,,,,,
,USC00024977,LITCHFIELD PARK,AZ,33.499,-112.363,,,,,
,USW00023183,PHOENIX AIRPORT,AZ,33.428,-112.004,,,,,
,USC00029634,YOUNGTOWN,AZ,33.594,-112.301,,,,,
,USC00028499,TEMPE ASU,AZ,33.425,-111.922,,,,,
,USC00046336,OAKLAND MUSEUM,CA,37.798,-122.264,,,,,
,USC00040232,ANTIOCH PUMPING PLANT #3,CA,37.983,-121.752,,,,,
,USW00023271,SACRAMENTO 5 ESE,CA,38.555,-121.418,,,,,
,USW00023155,BAKERSFIELD AP,CA,35.434,-119.055,,,,,
,USC00040693,BERKELEY,CA,37.874,-122.26,,,,,
,USC00046377,OCEANSIDE MARINA,CA,33.21,-117.395,,,,,
,USW00003122,TORRANCE AP,CA,33.802,-118.342,,,,,
,USC00047050,POMONA/FAIRPLEX,CA,34.082,-117.766,,,,,
,USC00041758,CHULA VISTA,CA,32.64,-117.086,,,,,
,USC00040136,ALPINE,CA,32.836,-116.777,,,,,
,USW00023232,SACRAMENTO AP ASOS,CA,38.507,-121.496,,,,,
,USC00047785,SAN GABRIEL FIRE DEPT,CA,34.084,-118.1,,,,,
,USC00042863,ESCONDIDO NO. 2,CA,33.121,-117.09,,,,,
,USC00042934,FAIRFIELD,CA,38.274,-122.068,,,,,
,USC00046144,NEWARK,CA,37.515,-122.032,,,,,
,USC00046719,PASADENA,CA,34.148,-118.145,,,,,
,USW00023230,OAKLAND INTERNATIONAL AIRPORT,CA,37.718,-122.233,,,,,
,USC00047813,SAN JACINTO,CA,33.797,-116.975,,,,,
,USC00049325,VICTORVILLE,CA,34.529,-117.293,,,,,
,USC00044259,INDIO FIRE STATION,CA,33.709,-116.215,,,,,
,USW00023174,LOS ANGELES INTL AP,CA,33.938,-118.387,,,,,
,USC00047888,SANTA ANA FIRE STATION,CA,33.744,-117.867,,,,,
,USC00046175,NEWPORT BEACH HARBOR,CA,33.603,-117.884,,,,,
,USW00023129,LONG BEACH DAUGHERTY AP,CA,33.812,-118.147,,,,,
,USW00003159,LANCASTER,CA,34.741,-118.213,,,,,
,USW00023050,ALBUQUERQUE INTL AP,NM,35.042,-106.615,,,,,
,USC00298535,STATE UNIVERSITY,NM,32.282,-106.76,,,,,
,USW00024217,BELLINGHAM INTL AP,WA,48.799,-122.541,,,,,
,USC00452675,EVERETT,WA,47.975,-122.195,,,,,
,USC00454154,KENNEWICK,WA,46.211,-119.101,,,,,
,USC00454169,KENT,WA,47.417,-122.243,,,,,
,USW00024233,SEATTLE TACOMA AIRPORT,WA,47.445,-122.314,,,,,
,USW00024157,SPOKANE INTL AP,WA,47.622,-117.528,,,,,
,USC00458773,VANCOUVER 4 NNE,WA,45.678,-122.651,,,,,
,USW00024243,YAKIMA AIRPORT,WA,46.564,-120.535,,,,,
,USC00350694,BEND,OR,44.057,-121.285,,,,,
,USW00024221,EUGENE-MAHLON SWEET FIELD,OR,44.133,-123.216,,,,,
,USC00352997,FOREST GROVE,OR,45.525,-123.103,,,,,
,USW00024225,MEDFORD INTL AP,OR,42.375,-122.877,,,,,
,USC00356749,PORTLAND KGW-TV,OR,45.518,-122.689,,,,,
,USW00024232,SALEM AP (MCNARY FIELD),OR,44.905,-123.001,,,,,
,USC00240802,BILLINGS WATER TREATMENT PLANT,MT,45.772,-108.481,,,,,
,USW00023185,RENO AIRPORT,NV,39.508,-119.768,,,,,
,USW00023169,HARRY REID INTL AIRPORT,NV,36.072,-115.163,,,,,
,USC00422726,FARMINGTON 3 NW,UT,41.02,-111.933,,,,,
,USC00426869,PINEVIEW DAM,UT,41.258,-111.838,,,,,
,USC00426919,PLEASANT GROVE,UT,40.368,-111.734,,,,,
,USC00427516,ST. GEORGE,UT,37.119,-113.607,,,,,
,USW00024127,SALT LAKE CITY INTL ARPT,UT,40.771,-111.965,,,,,
,USW00024257,REDDING AP,CA,40.515,-122.298,,,,,
,USW00024215,MOUNT SHASTA,CA,41.315,-122.317,,,,,
,USC00248809,W GLACIER,MT,48.5,-113.985,,,,,
,USC00299820,WOLF CANYON,NM,35.948,-106.747,,,,,
,USC00420819,BOUNTIFUL BENCH,UT,40.891,-111.85,,,,,
,USC00427064,PROVO BYU,UT,40.246,-111.651,,,,,
,USC00455840,NEWHALEM,WA,48.676,-121.242,,,,,
,USC00026471,PHANTOM RANCH,AZ,36.107,-112.095,,,,,
